Lead ID,Company Name,Contact First Name,Contact Last Name,Job Title,Phone,Email,Street Address,Suburb,Postcode,State,Industry / Business Type,Lead Source,Service Required,Est. Shipment Frequency,Est. Monthly Value ($),Lead Status,Priority,Date Added,Last Contact Date,Next Follow-Up Date,Assigned To,Notes
CT-001,Brendale Metal Fabricators,Troy,Hutchinson,Operations Manager,07 3205 4811,t.hutchinson@brendalemetals.com.au,14 Kremzow Rd,Brendale,4500,QLD,Manufacturing,Cold Call,Bulk Freight | Scheduled Runs,Daily,$4200.00,Contacted,High,2026-06-24,2026-06-22,2026-06-26,,Produces steel components for construction sector. Currently using a competitor — unhappy with reliability. Follow up with rates sheet.
CT-002,North Lakes Trade Supplies,Karen,Morley,Purchasing Manager,07 3491 7623,karen.morley@nltrade.com.au,12 Anzac Ave,North Lakes,4509,QLD,Retail / Wholesale,Referral,Same Day Delivery | Next Day Delivery,2-3x Per Week,$2800.00,Qualified,High,2026-06-24,2026-06-23,2026-06-25,,Referred by CT-001. Supplies tools and hardware to building sites across North Brisbane. Wants consistent AM delivery windows.
CT-003,Chermside Medical Supplies Pty Ltd,Sandra,Vella,Logistics Coordinator,07 3350 9900,s.vella@chermsidemed.com.au,752 Gympie Rd,Chermside,4032,QLD,Healthcare,LinkedIn,Refrigerated Transport | Scheduled Runs,Daily,$5500.00,Proposal Sent,High,2026-06-10,2026-06-20,2026-06-27,,Supplies hospitals and clinics. Temp-controlled freight essential. Proposal sent 20/06 — awaiting sign-off from procurement.
CT-004,QLD Fresh Produce Co,Dale,Eastwood,Director,07 5495 3310,dale@qldfreshproduce.com.au,18 Kingsford Smith Dr,Narangba,4504,QLD,Food & Beverage,Cold Call,Refrigerated Transport,Daily,$6100.00,Qualified,High,2026-06-15,2026-06-21,2026-06-25,,Distributes fruit & veg to supermarkets across SEQ. High-volume, temperature sensitive. Very interested — price is the sticking point.
CT-005,Strathpine Building Supplies,Mark,Doolan,Store Manager,07 3205 8866,mdoolan@strathpinebuilding.com.au,3 Sparks Rd,Strathpine,4500,QLD,Construction,Cold Call,Bulk Freight,Weekly,$1900.00,Contacted,Medium,2026-06-18,2026-06-23,2026-06-30,,Bulk delivery of timber, concrete products. Currently self-delivers with own ute — looking to outsource as business grows.
CT-006,Mango Hill Electrical Wholesalers,Jason,Cairns,Warehouse Manager,07 3491 0055,jcairns@mhelectrical.com.au,Cnr Buckley Rd & Discovery Dr,Mango Hill,4509,QLD,Retail / Wholesale,Google Ads,Next Day Delivery | Scheduled Runs,2-3x Per Week,$2200.00,New,Medium,2026-06-24,,,No contact yet. Found via Google Ads enquiry 24/06. Call to qualify.
CT-007,Petrie Industrial Services,Craig,Nguyen,Procurement Officer,07 3285 5540,c.nguyen@petrieind.com.au,27 Petrie Parade,Petrie,4502,QLD,Manufacturing,Trade Show,Bulk Freight | Scheduled Runs,Weekly,$3300.00,Contacted,High,2026-06-05,2026-06-19,2026-06-26,,Met at Brisbane Logistics Expo. Ships heavy equipment parts. Has tender closing 30/06 — priority follow-up needed.
CT-008,Burpengary Ag Supplies,Leanne,O'Brien,Owner,07 5495 1188,leanne@burpengaryag.com.au,Old Gympie Rd,Burpengary,4505,QLD,Agriculture,Cold Call,Bulk Freight | Ad Hoc Courier,Monthly,$900.00,New,Low,2026-06-24,,,Seasonal peaks in spring/summer. Worth nurturing for volume months. Left voicemail.
CT-009,Redcliffe Seafood Distributors,Tony,Ferraro,Managing Director,07 3284 7712,tony@redcliffeseafood.com.au,5 Anzac Ave,Redcliffe,4020,QLD,Food & Beverage,Referral,Refrigerated Transport,2-3x Per Week,$3800.00,Qualified,High,2026-06-12,2026-06-22,2026-06-25,,Distributes fresh seafood to restaurants from Redcliffe to CBD. Cold chain critical. Referred by Chermside Medical. Very warm lead.
CT-010,Kallangur Steel & Metals,Wayne,Barker,Operations Director,07 3285 6600,w.barker@kallangursteels.com.au,35 Kremzow Rd,Kallangur,4503,QLD,Manufacturing,Cold Call,Bulk Freight,Weekly,$4700.00,Contacted,High,2026-06-17,2026-06-24,2026-06-27,,Large steel distributor. High pallet volumes. Currently with Toll — price shoppping. Send competitive bulk freight rates.
CT-011,Aspley Auto Parts Wholesale,Michelle,Tran,Branch Manager,07 3263 4455,michelle.tran@aspleyauto.com.au,17 Albany Creek Rd,Aspley,4034,QLD,Retail / Wholesale,Website,Same Day Delivery | Next Day Delivery,Daily,$2100.00,New,Medium,2026-06-24,,,Web enquiry form submitted 24/06. Auto parts to workshops across NB. Time-sensitive deliveries — could be strong recurring account.
CT-012,Caboolture Timber & Hardware,Peter,Saunders,Owner-Operator,07 5495 2244,psaunders@cabooltimber.com.au,King St,Caboolture,4510,QLD,Construction,Cold Call,Bulk Freight,Weekly,$1600.00,Contacted,Medium,2026-06-20,2026-06-20,2026-07-04,,Small independent timber yard. Open to switching. Callback requested for first week of July.
CT-013,Lawnton Chemical Solutions,Greg,Harwood,Logistics Manager,07 3285 9977,g.harwood@lawntonchem.com.au,10 South Pine Rd,Lawnton,4501,QLD,Manufacturing,LinkedIn,Scheduled Runs | Bulk Freight,2-3x Per Week,$3100.00,Qualified,High,2026-06-08,2026-06-23,2026-06-26,,Dangerous goods certified shipments. Verify DG capability before next call. Budget approved — ready to move quickly.
CT-014,Narangba Garden & Nursery Supplies,Fiona,Carmichael,Owner,07 5495 8833,fiona@narangnursery.com.au,35 Cobalt St,Narangba,4504,QLD,Agriculture,Cold Call,Bulk Freight | Scheduled Runs,Weekly,$1200.00,New,Low,2026-06-24,,,Wholesale nursery supplies to garden centres. Seasonal. Initial call — showed interest. Follow up in 2 weeks.
CT-015,Deception Bay Marine & Boating,Ryan,Stafford,Store Manager,07 3203 5566,rstafford@dbmarine.com.au,Bay Rd,Deception Bay,4508,QLD,Retail / Wholesale,Cold Call,Next Day Delivery | Ad Hoc Courier,Weekly,$1400.00,Contacted,Low,2026-06-21,2026-06-21,2026-07-07,,Marine parts and accessories retailer. Moderate volume. Currently using Australia Post for most shipments — opportunity to take bulkier items.
CT-016,Zillmere Print & Packaging,Aaron,Bishop,Production Manager,07 3265 1100,a.bishop@zillmereprint.com.au,9 Sheppard St,Zillmere,4034,QLD,Manufacturing,Google Ads,Same Day Delivery | Bulk Freight,Daily,$2600.00,New,Medium,2026-06-24,,,High-frequency print runs distributed to clients across Brisbane. Same-day critical. Warm inbound — follow up today.
CT-017,Everton Park Cold Storage & Foods,Dianne,Kowalski,Logistics Director,07 3355 8822,d.kowalski@epcoldfoods.com.au,23 South Pine Rd,Everton Park,4053,QLD,Food & Beverage,Existing Customer,Refrigerated Transport | Scheduled Runs,Daily,$7200.00,Won,High,2026-05-30,2026-06-24,2026-07-24,,Existing account — just renewed 12-month contract. Monthly check-ins. Upsell opportunity: interstate runs to Sydney.
CT-018,Eatons Hill Landscaping & Civil,Brad,Oconnor,Fleet Manager,07 3264 7755,brad.oconnor@eatonshillcivil.com.au,641 South Pine Rd,Eatons Hill,4037,QLD,Construction,Referral,Bulk Freight,Weekly,$2400.00,Contacted,Medium,2026-06-16,2026-06-23,2026-06-30,,Moves mulch, soil, gravel between depots and job sites. Referred by Strathpine Building Supplies. Follow up end of month.
CT-019,Murrumba Downs Pharmacy Group,Claire,Nguyen,Supply Chain Manager,07 3491 3322,c.nguyen@murpharmgroup.com.au,Murrumba Dr,Murrumba Downs,4503,QLD,Healthcare,Cold Call,Refrigerated Transport | Same Day Delivery,2-3x Per Week,$3600.00,Qualified,High,2026-06-11,2026-06-22,2026-06-25,,Multi-site pharmacy group (6 locations in NB). Requires temp-controlled delivery for medications. Decision maker is Claire — very engaged.
CT-020,Bracken Ridge Industrial Tools,Sean,McGrath,Director,07 3261 5599,sean@brindtools.com.au,Gawain Rd,Bracken Ridge,4017,QLD,Retail / Wholesale,Cold Call,Next Day Delivery | Scheduled Runs,2-3x Per Week,$1800.00,New,Medium,2026-06-24,,,Industrial tool distributor supplying tradies across North Brisbane. Initial enquiry — needs service overview and rates. Schedule a call.
